{
  "id": "1601781",
  "name": "vue-book",
  "font_family": "iconfont",
  "css_prefix_text": "icon-",
  "description": "",
  "glyphs": [
    {
      "icon_id": "6242359",
      "name": "cart",
      "font_class": "cart",
      "unicode": "e7b9",
      "unicode_decimal": 59321
    },
    {
      "icon_id": "1120832",
      "name": "首页",
      "font_class": "shouye",
      "unicode": "e600",
      "unicode_decimal": 58880
    },
    {
      "icon_id": "1336403",
      "name": "列表",
      "font_class": "plus-listview",
      "unicode": "e72a",
      "unicode_decimal": 59178
    },
    {
      "icon_id": "3050491",
      "name": "收藏",
      "font_class": "collection",
      "unicode": "e60b",
      "unicode_decimal": 58891
    },
    {
      "icon_id": "3287464",
      "name": "添加",
      "font_class": "add",
      "unicode": "e6db",
      "unicode_decimal": 59099
    },
    {
      "icon_id": "9512696",
      "name": "返回",
      "font_class": "withdraw",
      "unicode": "e642",
      "unicode_decimal": 58946
    }
  ]
}
